{"min": [-0.169963, -0.706907, -0.272281], "max": [0.215014, 0.844349, 0.717616]}