{"min": [-0.571536, -0.529104, -0.598198], "max": [0.528317, 1.042054, 0.497477]}